Metric;Node;Process;Thread;#max_time_on_cpu_s;IO;Time (s);#start_time_us;Exe;System;Others;#start_time_s;TBB;Pthread;#max_context_switch_time_s;#stop_time_us;#total;#stop_time_s;#event_count;OMP;#elapsed_time;MPI;String;Memory;Math;
cycles;_ALL;_ALL;_ALL;0;0;34.304985046387;741086;182049961408;0;0;7478;0;0;0;323309;203834923008;7513;40766.9846016;21734999296;34.582221984863;0;0;50000000;0;
cycles;platy-MS-7C02;_ALL;_ALL;0;0;34.304985046387;741086;182049961408;0;0;7478;0;0;0;323309;203834923008;7513;40766.9846016;21734999296;34.582221984863;0;0;50000000;0;
cycles;platy-MS-7C02;17974;_ALL;0;0;34.304985046387;741086;182049961408;0;0;7478;0;0;0;323309;203834923008;7513;40766.9846016;21734999296;34.582221984863;0;0;50000000;0;
cycles;platy-MS-7C02;17974;17991;34.421432495117;0;33.034996032715;892717;29639998464;0;0;7478;0;0;1.7399343252182;323311;33034997760;7513;6606.999552;3394999808;34.430595397949;0;0;0;0;
cycles;platy-MS-7C02;17974;17989;34.424968719482;0;34.259986877441;892639;29929990400;0;0;7478;0;0;21.22169303894;323318;34259988480;7513;6851.997696;4329999872;34.430679321289;0;0;0;0;
cycles;platy-MS-7C02;17974;17974;34.556758880615;0;33.959968566895;741086;32579994688;0;0;7478;0;0;18.047054290771;323309;33959966720;7513;6791.993344;1335000000;34.582221984863;0;0;45000000;0;
cycles;platy-MS-7C02;17974;17988;34.420791625977;0;34.11999130249;892600;30054992512;0;0;7478;0;0;22.618577957153;323309;34119991296;7513;6823.9982592;4064999680;34.430709838867;0;0;0;0;
cycles;platy-MS-7C02;17974;17990;34.421443939209;0;34.304985046387;892673;30054990464;0;0;7478;0;0;34.283378601074;323311;34304985088;7513;6860.9970176;4245000256;34.430637359619;0;0;5000000;0;
cycles;platy-MS-7C02;17974;17987;34.425361633301;0;34.1549949646;892558;29789994880;0;0;7478;0;0;34.276996612549;323309;34154993664;7513;6830.9987328;4364999680;34.430751800537;0;0;0;0;
