Metric;Node;Process;Thread;#max_time_on_cpu_s;IO;Time (s);#start_time_us;Exe;System;Others;#start_time_s;TBB;Pthread;#max_context_switch_time_s;#stop_time_us;#total;#stop_time_s;#event_count;OMP;#elapsed_time;MPI;String;Memory;Math;
cycles;_ALL;_ALL;_ALL;0;0;71.030006408691;141868;132440003008;0;0;3264;0;0;0;840687;133720006656;3335;26744.0013312;1279999936;71.698822021484;0;0;0;0;
cycles;platy-MS-7C02;_ALL;_ALL;0;0;71.030006408691;141868;132440003008;0;0;3264;0;0;0;840687;133720006656;3335;26744.0013312;1279999936;71.698822021484;0;0;0;0;
cycles;platy-MS-7C02;15910;_ALL;0;0;71.030006408691;141868;132440003008;0;0;3264;0;0;0;840687;133720006656;3335;26744.0013312;1279999936;71.698822021484;0;0;0;0;
cycles;platy-MS-7C02;15910;15910;71.663925170898;0;71.030006408691;141868;71015002112;0;0;3264;0;0;15.229866027832;840687;71030005760;3335;14206.001152;15000000;71.698822021484;0;0;0;0;
cycles;platy-MS-7C02;15910;15923;62.746845245361;0;62.690002441406;171100;61425000896;0;0;3264;0;0;48.923648834229;840692;62690000896;3335;12538.0001792;1264999936;71.669593811035;0;0;0;0;
