Metric;Node;Process;Thread;#max_time_on_cpu_s;IO;Time (s);#start_time_us;Exe;System;Others;#start_time_s;TBB;Pthread;#max_context_switch_time_s;#stop_time_us;#total;#stop_time_s;#event_count;OMP;#elapsed_time;MPI;String;Memory;Math;
cycles;_ALL;_ALL;_ALL;0;0;40.11498260498;550695;190594917696;0;0;5318;0;0;0;171333;197619914752;5359;39523.9829504;7025000000;40.620639801025;0;0;0;0;
cycles;platy-MS-7C02;_ALL;_ALL;0;0;40.11498260498;550695;190594917696;0;0;5318;0;0;0;171333;197619914752;5359;39523.9829504;7025000000;40.620639801025;0;0;0;0;
cycles;platy-MS-7C02;22411;_ALL;0;0;40.11498260498;550695;190594917696;0;0;5318;0;0;0;171333;197619914752;5359;39523.9829504;7025000000;40.620639801025;0;0;0;0;
cycles;platy-MS-7C02;22411;22425;32.045684814453;0;30.564987182617;577854;30269986432;0;0;5318;0;0;0.56578856706619;171334;30564986880;5359;6112.997376;295000000;40.593479156494;0;0;0;0;
cycles;platy-MS-7C02;22411;22424;32.051357269287;0;31.734987258911;577820;30494987904;0;0;5318;0;0;12.755123138428;171333;31734986752;5359;6346.9973504;1239999936;40.59351348877;0;0;0;0;
cycles;platy-MS-7C02;22411;22411;40.583953857422;0;40.11498260498;550695;38849985728;0;0;5318;0;0;12.949093818665;171333;40114982912;5359;8022.9965824;1264999872;40.620639801025;0;0;0;0;
cycles;platy-MS-7C02;22411;22426;32.050201416016;0;31.789987564087;577889;30269986432;0;0;5318;0;0;13.782529830933;171336;31789987840;5359;6357.997568;1520000000;40.593448638916;0;0;0;0;
cycles;platy-MS-7C02;22411;22428;32.047325134277;0;31.729986190796;577949;30314985088;0;0;5318;0;0;13.783059120178;171340;31729985536;5359;6345.9971072;1415000064;40.593391418457;0;0;0;0;
cycles;platy-MS-7C02;22411;22427;32.047771453857;0;31.684984207153;577918;30394986112;0;0;5318;0;0;16.183284759521;171336;31684984832;5359;6336.9969664;1290000128;40.593418121338;0;0;0;0;
