Metric;Node;Process;Thread;#max_time_on_cpu_s;IO;Time (s);#start_time_us;Exe;System;Others;#start_time_s;TBB;Pthread;#max_context_switch_time_s;#stop_time_us;#total;#stop_time_s;#event_count;OMP;#elapsed_time;MPI;String;Memory;Math;
cycles;_ALL;_ALL;_ALL;0;0;127.96500396729;241109;127919991616;0;0;9721;0;0;0;834539;127965003776;9849;25593.0007552;0;128.59342956543;0;0;40000000;5000000;
cycles;platy-MS-7C02;_ALL;_ALL;0;0;127.96500396729;241109;127919991616;0;0;9721;0;0;0;834539;127965003776;9849;25593.0007552;0;128.59342956543;0;0;40000000;5000000;
cycles;platy-MS-7C02;26138;_ALL;0;0;127.96500396729;241109;127919991616;0;0;9721;0;0;0;834539;127965003776;9849;25593.0007552;0;128.59342956543;0;0;40000000;5000000;
cycles;platy-MS-7C02;26138;26138;128.56968688965;0;127.96500396729;241109;127919991616;0;0;9721;0;0;39.349990844727;834539;127965003776;9849;25593.0007552;0;128.59342956543;0;0;40000000;5000000;
