Metric;Node;Process;Thread;#max_time_on_cpu_s;IO;Time (s);#start_time_us;Exe;System;Others;#start_time_s;TBB;Pthread;#max_context_switch_time_s;#stop_time_us;#total;#stop_time_s;#event_count;OMP;#elapsed_time;MPI;String;Memory;Math;
cycles;_ALL;_ALL;_ALL;0;0;135.07987976074;615147;135074952192;0;0;4826;0;0;0;870526;135079878656;4961;27015.9757312;5000000;135.25538635254;0;0;0;0;
cycles;platy-MS-7C02;_ALL;_ALL;0;0;135.07987976074;615147;135074952192;0;0;4826;0;0;0;870526;135079878656;4961;27015.9757312;5000000;135.25538635254;0;0;0;0;
cycles;platy-MS-7C02;21495;_ALL;0;0;135.07987976074;615147;135074952192;0;0;4826;0;0;0;870526;135079878656;4961;27015.9757312;5000000;135.25538635254;0;0;0;0;
cycles;platy-MS-7C02;21495;21495;135.22045898438;0;135.07987976074;615147;135074952192;0;0;4826;0;0;63.79801940918;870526;135079878656;4961;27015.9757312;5000000;135.25538635254;0;0;0;0;
