Metric;Node;Process;Thread;#max_time_on_cpu_s;IO;Time (s);#start_time_us;Exe;System;Others;#start_time_s;TBB;Pthread;#max_context_switch_time_s;#stop_time_us;#total;#stop_time_s;#event_count;OMP;#elapsed_time;MPI;String;Memory;Math;
cycles;_ALL;_ALL;_ALL;0;0;67.020027160645;431291;131060014016;0;0;567;0;0;0;64267;131190026240;635;26238.005248;95000000;67.63298034668;0;0;30000000;5000000;
cycles;platy-MS-7C02;_ALL;_ALL;0;0;67.020027160645;431291;131060014016;0;0;567;0;0;0;64267;131190026240;635;26238.005248;95000000;67.63298034668;0;0;30000000;5000000;
cycles;platy-MS-7C02;6006;_ALL;0;0;67.020027160645;431291;131060014016;0;0;567;0;0;0;64267;131190026240;635;26238.005248;95000000;67.63298034668;0;0;30000000;5000000;
cycles;platy-MS-7C02;6006;6019;67.481292724609;0;64.169998168945;450265;64100000512;0;0;567;0;0;63.870838165283;64272;64170000384;635;12834.0000768;65000000;67.61400604248;0;0;0;5000000;
cycles;platy-MS-7C02;6006;6006;67.607009887695;0;67.020027160645;431291;66960013504;0;0;567;0;0;63.868427276611;64267;67020025856;635;13404.0051712;30000000;67.63298034668;0;0;30000000;0;
