Metric;Node;Process;Thread;#max_time_on_cpu_s;IO;Time (s);#start_time_us;Exe;System;Others;#start_time_s;TBB;Pthread;#max_context_switch_time_s;#stop_time_us;#total;#stop_time_s;#event_count;OMP;#elapsed_time;MPI;String;Memory;Math;
cycles;_ALL;_ALL;_ALL;0;0;40.429981231689;554135;190769912832;0;0;4964;0;0;0;496856;198874908672;5005;39774.9817344;8105000256;40.942722320557;0;0;0;0;
cycles;platy-MS-7C02;_ALL;_ALL;0;0;40.429981231689;554135;190769912832;0;0;4964;0;0;0;496856;198874908672;5005;39774.9817344;8105000256;40.942722320557;0;0;0;0;
cycles;platy-MS-7C02;21745;_ALL;0;0;40.429981231689;554135;190769912832;0;0;4964;0;0;0;496856;198874908672;5005;39774.9817344;8105000256;40.942722320557;0;0;0;0;
cycles;platy-MS-7C02;21745;21758;32.371646881104;0;31.734977722168;581402;30519979648;0;0;4964;0;0;13.342361450195;496857;31734978560;5005;6346.995712;1214999936;40.915454864502;0;0;0;0;
cycles;platy-MS-7C02;21745;21761;32.369773864746;0;32.004997253418;581501;30489996928;0;0;4964;0;0;9.6940622329712;496859;32004997120;5005;6400.999424;1515000064;40.91535949707;0;0;0;0;
cycles;platy-MS-7C02;21745;21745;40.910446166992;0;40.429981231689;554135;38834983808;0;0;4964;0;0;11.567140579224;496856;40429981696;5005;8085.9963392;1595000128;40.942722320557;0;0;0;0;
cycles;platy-MS-7C02;21745;21760;32.369998931885;0;31.959989547729;581468;30244990592;0;0;4964;0;0;21.303846359253;496941;31959990272;5005;6391.9980544;1715000064;40.915473937988;0;0;0;0;
cycles;platy-MS-7C02;21745;21759;32.366760253906;0;30.729986190796;581435;30324985472;0;0;4964;0;0;0.75363820791245;496857;30729986048;5005;6145.9972096;405000000;40.915420532227;0;0;0;0;
cycles;platy-MS-7C02;21745;21762;32.3733253479;0;32.014976501465;581531;30354976384;0;0;4964;0;0;11.736229896545;496859;32014974976;5005;6402.9949952;1660000064;40.915328979492;0;0;0;0;
