block_id;module;source_info;time_p;time_s;time_s_min;time_s_avg;time_s_max;cov_deviation;time_deviation;nb_threads;flops;flops_sca;flops_vec;flops_sp;flops_dp;flops_sca_sp;flops_sca_dp;flops_vec_sp;flops_vec_dp;
355;cg.C;;81.557693481445;26.755001068115;;;;;;;;;;;;;;;;
370;cg.C;;3.2769396305084;1.0750000476837;;;;;;;;;;;;;;;;
392;cg.C;;0.53345531225204;0.17500002682209;;;;;;;;;;;;;;;;
408;cg.C;;0.21338210999966;0.070000000298023;;;;;;;;;;;;;;;;
398;cg.C;;0.15241579711437;0.050000000745058;;;;;;;;;;;;;;;;
353;cg.C;;0.13717420399189;0.044999998062849;;;;;;;;;;;;;;;;
427;cg.C;;0.030483158305287;0.0099999997764826;;;;;;;;;;;;;;;;
533;cg.C;;0.015241579152644;0.0049999998882413;;;;;;;;;;;;;;;;
304;cg.C;;0.015241579152644;0.0049999998882413;;;;;;;;;;;;;;;;
