block_id;module;source_info;time_p;time_s;time_s_min;time_s_avg;time_s_max;cov_deviation;time_deviation;nb_threads;flops;flops_sca;flops_vec;flops_sp;flops_dp;flops_sca_sp;flops_sca_dp;flops_vec_sp;flops_vec_dp;
355;cg.C;;81.040267944336;26.565002441406;;;;;;;;;;;;;;;;
370;cg.C;;3.2641851902008;1.0699999332428;;;;;;;;;;;;;;;;
392;cg.C;;0.47284927964211;0.15500000119209;;;;;;;;;;;;;;;;
408;cg.C;;0.30506405234337;0.10000000149012;;;;;;;;;;;;;;;;
398;cg.C;;0.13727881014347;0.044999998062849;;;;;;;;;;;;;;;;
353;cg.C;;0.045759607106447;0.014999999664724;;;;;;;;;;;;;;;;
427;cg.C;;0.030506405979395;0.010000000707805;;;;;;;;;;;;;;;;
336;cg.C;;0.015253202989697;0.0050000003539026;;;;;;;;;;;;;;;;
304;cg.C;;0.015253202989697;0.0050000003539026;;;;;;;;;;;;;;;;
