block_id;module;source_info;time_p;time_s;time_s_min;time_s_avg;time_s_max;cov_deviation;time_deviation;nb_threads;flops;flops_sca;flops_vec;flops_sp;flops_dp;flops_sca_sp;flops_sca_dp;flops_vec_sp;flops_vec_dp;
355;cg.C;;81.95728302002;27.049997329712;;;;;;;;;;;;;;;;
370;cg.C;;3.378276348114;1.115000128746;;;;;;;;;;;;;;;;
392;cg.C;;0.33328285813332;0.10999999940395;;;;;;;;;;;;;;;;
408;cg.C;;0.30298441648483;0.10000000149012;;;;;;;;;;;;;;;;
353;cg.C;;0.09089532494545;0.029999999329448;;;;;;;;;;;;;;;;
398;cg.C;;0.075746104121208;0.025000000372529;;;;;;;;;;;;;;;;
377;cg.C;;0.030298441648483;0.0099999997764826;;;;;;;;;;;;;;;;
427;cg.C;;0.015149220824242;0.0049999998882413;;;;;;;;;;;;;;;;
304;cg.C;;0.015149220824242;0.0049999998882413;;;;;;;;;;;;;;;;
