Metric;Node;Process;Thread;#max_time_on_cpu_s;IO;Time (s);#start_time_us;Exe;System;Others;#start_time_s;TBB;Pthread;#max_context_switch_time_s;#stop_time_us;#total;#stop_time_s;#event_count;OMP;#elapsed_time;MPI;String;Memory;Math;
cycles;_ALL;_ALL;_ALL;0;0;34.519973754883;18828;184569977600;0;0;684;0;0;0;510971;191089942528;719;38217.9885056;6494999936;35.492141723633;0;0;25000000;0;
cycles;platy-MS-7C02;_ALL;_ALL;0;0;34.519973754883;18828;184569977600;0;0;684;0;0;0;510971;191089942528;719;38217.9885056;6494999936;35.492141723633;0;0;25000000;0;
cycles;platy-MS-7C02;6190;_ALL;0;0;34.519973754883;18828;184569977600;0;0;684;0;0;0;510971;191089942528;719;38217.9885056;6494999936;35.492141723633;0;0;25000000;0;
cycles;platy-MS-7C02;6190;6190;35.465705871582;0;34.519973754883;18828;33309993728;0;0;684;0;0;14.162304878235;510971;34519973888;719;6903.9947776;1185000000;35.492141723633;0;0;25000000;0;
cycles;platy-MS-7C02;6190;6203;35.331726074219;0;31.424997329712;38142;30314998912;0;0;684;0;0;10.415864944458;510971;31424997376;719;6284.9994752;1110000000;35.472827911377;0;0;0;0;
cycles;platy-MS-7C02;6190;6205;35.334396362305;0;31.459995269775;38208;30325000704;0;0;684;0;0;13.658279418945;510979;31459995648;719;6291.9991296;1135000064;35.472770690918;0;0;0;0;
cycles;platy-MS-7C02;6190;6204;35.334907531738;0;31.614992141724;38176;30264995136;0;0;684;0;0;11.596787452698;510971;31614992384;719;6322.9984768;1349999872;35.472797393799;0;0;0;0;
cycles;platy-MS-7C02;6190;6207;35.336250305176;0;30.234996795654;38267;29899996928;0;0;684;0;0;3.2659606933594;510972;30234996736;719;6046.9993472;335000000;35.472705841064;0;0;0;0;
cycles;platy-MS-7C02;6190;6206;35.334926605225;0;31.834985733032;38236;30454992192;0;0;684;0;0;11.399422645569;510972;31834986496;719;6366.9972992;1380000000;35.472736358643;0;0;0;0;
