Metric;Node;Process;Thread;#max_time_on_cpu_s;IO;Time (s);#start_time_us;Exe;System;Others;#start_time_s;TBB;Pthread;#max_context_switch_time_s;#stop_time_us;#total;#stop_time_s;#event_count;OMP;#elapsed_time;MPI;String;Memory;Math;
cycles;_ALL;_ALL;_ALL;0;0;121.78491210938;43940;121729975680;0;5000000;29791;0;0;0;441539;121784909824;29913;24356.9819648;0;122.3975982666;0;5000000;40000000;5000000;
cycles;platy-MS-7C02;_ALL;_ALL;0;0;121.78491210938;43940;121729975680;0;5000000;29791;0;0;0;441539;121784909824;29913;24356.9819648;0;122.3975982666;0;5000000;40000000;5000000;
cycles;platy-MS-7C02;56327;_ALL;0;0;121.78491210938;43940;121729975680;0;5000000;29791;0;0;0;441539;121784909824;29913;24356.9819648;0;122.3975982666;0;5000000;40000000;5000000;
cycles;platy-MS-7C02;56327;56327;122.37042236328;0;121.78491210938;43940;121729975680;0;5000000;29791;0;0;57.677745819092;441539;121784909824;29913;24356.9819648;0;122.3975982666;0;5000000;40000000;5000000;
