function_id;module;function_name;source_info;inc_time_p;inc_time_s;inc_time_s_min;inc_time_s_avg;inc_time_s_max;inc_cov_deviation;inc_time_deviation;exc_time_p;exc_time_s;exc_time_s_min;exc_time_s_avg;exc_time_s_max;exc_cov_deviation;exc_time_deviation;nb_threads;cats;label_name;flops;flops_sca_sp;flops_sca_dp;flops_vec_sp;flops_vec_dp;flops_sca;flops_vec;flops_sp;flops_dp;
8;cg.C;conj_grad(int*, int*, double*, double*, double*, double*, double*, double*, double*);;91.889587402344;36.852317810059;29.444999694824;29.68416595459;29.829996109009;9.0821123123169;0.13305641710758;0;0;0;0;0;0;0;6;"100,0,0,0,0,0,0,0,0,0,0";_ZL9conj_gradPiS_PdS0_S0_S0_S0_S0_S0_;;;;;;;;;;
1;cg.C;main;;4.5737137794495;1.8342878818512;8.8649997711182;8.8649997711182;8.8649997711182;0;0;0;0;0;0;0;0;0;1;"100,0,0,0,0,0,0,0,0,0,0";main;;;;;;;;;;
284;libgomp.so.1.0.0;omp_get_num_procs;;3.4051337242126;1.3656288385391;0.4200000166893;1.1000000238419;1.3799999952316;1.0939168930054;0.3451521396637;3.4051337242126;1.3656288385391;6.5999994277954;6.5999999046326;6.6000003814697;2.071300983429;4.2649611486922e-07;6;"0,0,100,0,0,0,0,0,0,0,0";omp_get_num_procs;;;;;;;;;;
11;cg.C;randlc(double*, double);;0.090287633240223;0.036209855228662;0.17499999701977;0.17499999701977;0.17499999701977;0;0;0.090287633240223;0.036209855228662;0.17499999701977;0.17499999701977;0.17500001192093;0.054920848459005;6.6640017948316e-09;1;"100,0,0,0,0,0,0,0,0,0,0";_Z6randlcPdd;;;;;;;;;;
9;cg.C;main._omp_fn.0;;0.033535405993462;0.013449374586344;0.0099999997764826;0.01083333324641;0.015000000596046;0.0084373923018575;0.002041241619736;0;0;0;0;0;0;0;6;"100,0,0,0,0,0,0,0,0,0,0";main._omp_fn.0;;;;;;;;;;
124;libgomp.so.1.0.0;GOMP_barrier;;0.0077389399521053;0.0031037018634379;0.0050000003539026;0.0075000002980232;0.0099999997764826;0.0058009237982333;0.0035355335567147;0.0077389399521053;0.0031037018634379;0.014999998733401;0.014999999664724;0.015000000596046;0.0047075026668608;5.8902011046413e-10;2;"0,0,100,0,0,0,0,0,0,0,0";GOMP_barrier;;;;;;;;;;
