Metric;Node;Process;Thread;#max_time_on_cpu_s;IO;Time (s);#start_time_us;Exe;System;Others;#start_time_s;TBB;Pthread;#max_context_switch_time_s;#stop_time_us;#total;#stop_time_s;#event_count;OMP;#elapsed_time;MPI;String;Memory;Math;
cycles;_ALL;_ALL;_ALL;0;0;34.589988708496;819046;181644911232;0;0;8311;0;0;0;994483;205549889536;8346;41109.9779072;23860000704;35.175437927246;0;0;45000000;0;
cycles;platy-MS-7C02;_ALL;_ALL;0;0;34.589988708496;819046;181644911232;0;0;8311;0;0;0;994483;205549889536;8346;41109.9779072;23860000704;35.175437927246;0;0;45000000;0;
cycles;platy-MS-7C02;21899;_ALL;0;0;34.589988708496;819046;181644911232;0;0;8311;0;0;0;994483;205549889536;8346;41109.9779072;23860000704;35.175437927246;0;0;45000000;0;
cycles;platy-MS-7C02;21899;21913;35.015686035156;0;34.439990997314;970196;29949987904;0;0;8311;0;0;10.110766410828;994485;34439991296;8346;6887.9982592;4490000384;35.02428817749;0;0;0;0;
cycles;platy-MS-7C02;21899;21912;35.017032623291;0;34.509986877441;970156;29774983936;0;0;8311;0;0;7.3438587188721;994485;34509987840;8346;6901.997568;4735000064;35.02433013916;0;0;0;0;
cycles;platy-MS-7C02;21899;21899;35.150447845459;0;34.149959564209;819046;32584990272;0;0;8311;0;0;11.253974914551;994483;34149959680;8346;6829.991936;1520000128;35.175437927246;0;0;45000000;0;
cycles;platy-MS-7C02;21899;21914;35.014060974121;0;34.464984893799;970241;29819984576;0;0;8311;0;0;12.54877281189;994494;34464985088;8346;6892.9970176;4645000192;35.024253845215;0;0;0;0;
cycles;platy-MS-7C02;21899;21916;35.01838684082;0;33.39497756958;970309;29514979968;0;0;8311;0;0;0.85668081045151;994486;33394978816;8346;6678.9957632;3880000000;35.02417755127;0;0;0;0;
cycles;platy-MS-7C02;21899;21915;35.015937805176;0;34.589988708496;970274;29999984576;0;0;8311;0;0;12.323316574097;994486;34589986816;8346;6917.9973632;4589999936;35.024211883545;0;0;0;0;
