Metric;Node;Process;Thread;#max_time_on_cpu_s;IO;Time (s);#start_time_us;Exe;System;Others;#start_time_s;TBB;Pthread;#max_context_switch_time_s;#stop_time_us;#total;#stop_time_s;#event_count;OMP;#elapsed_time;MPI;String;Memory;Math;
cycles;_ALL;_ALL;_ALL;0;0;40.449996948242;223092;190124932672;0;0;5008;0;0;0;711423;199929929728;5049;39985.9859456;9804999488;41.488330841064;0;0;0;0;
cycles;platy-MS-7C02;_ALL;_ALL;0;0;40.449996948242;223092;190124932672;0;0;5008;0;0;0;711423;199929929728;5049;39985.9859456;9804999488;41.488330841064;0;0;0;0;
cycles;platy-MS-7C02;21914;_ALL;0;0;40.449996948242;223092;190124932672;0;0;5008;0;0;0;711423;199929929728;5049;39985.9859456;9804999488;41.488330841064;0;0;0;0;
cycles;platy-MS-7C02;21914;21929;32.901863098145;0;32.189990997314;249982;30269990528;0;0;5008;0;0;14.522837638855;711425;32189990912;5049;6437.9981824;1919999872;41.461441040039;0;0;0;0;
cycles;platy-MS-7C02;21914;21930;32.898773193359;0;32.05997467041;250013;30289976960;0;0;5008;0;0;9.9010515213013;711425;32059973632;5049;6411.9947264;1769999936;41.461410522461;0;0;0;0;
cycles;platy-MS-7C02;21914;21914;41.442707061768;0;40.449996948242;223092;38779995584;0;0;5008;0;0;8.3310718536377;711423;40449998848;5049;8089.9997696;1669999872;41.488330841064;0;0;0;0;
cycles;platy-MS-7C02;21914;21928;32.872463226318;0;30.959997177124;249946;30220000896;0;0;5008;0;0;0.65619617700577;711423;30959996928;5049;6191.9993856;740000000;41.461475372314;0;0;0;0;
cycles;platy-MS-7C02;21914;21931;32.900894165039;0;32.269981384277;250048;30199981696;0;0;5008;0;0;11.804633140564;711440;32269981696;5049;6453.9963392;2069999872;41.461391448975;0;0;0;0;
cycles;platy-MS-7C02;21914;21927;32.900688171387;0;31.999988555908;249910;30364987008;0;0;5008;0;0;11.080554008484;711423;31999987712;5049;6399.9975424;1634999936;41.461513519287;0;0;0;0;
