name;time_p;time_s;cpi_ratio;
/home/platy/Desktop/NPB-CG-CPP/NPB-OMP/ov_cgC_S1_6T/binaries/cg.C;89.171997070313;30.648401260376;;
/usr/lib/x86_64-linux-gnu/libgomp.so.1.0.0;10.808438301086;3.7148582935333;;
/usr/lib/x86_64-linux-gnu/libc.so.6;0.017117435112596;0.0058832596987486;;
/usr/lib/x86_64-linux-gnu/libm.so.6;0.0024453478399664;0.00084046565461904;;
