block_id;module;source_info;time_p;time_s;time_s_min;time_s_avg;time_s_max;cov_deviation;time_deviation;nb_threads;flops;flops_sca;flops_vec;flops_sp;flops_dp;flops_sca_sp;flops_sca_dp;flops_vec_sp;flops_vec_dp;
355;cg.C;;91.184074401855;28.184999465942;;;;;;;;;;;;;;;;
370;cg.C;;3.6072471141815;1.115000128746;;;;;;;;;;;;;;;;
408;cg.C;;0.37204787135124;0.11500000208616;;;;;;;;;;;;;;;;
392;cg.C;;0.33969587087631;0.10500000417233;;;;;;;;;;;;;;;;
398;cg.C;;0.16175994277;0.050000000745058;;;;;;;;;;;;;;;;
353;cg.C;;0.12940795719624;0.040000002831221;;;;;;;;;;;;;;;;
304;cg.C;;0.064703978598118;0.02000000141561;;;;;;;;;;;;;;;;
427;cg.C;;0.032351989299059;0.010000000707805;;;;;;;;;;;;;;;;
368;cg.C;;0.016175994649529;0.0050000003539026;;;;;;;;;;;;;;;;
