Metric;Node;Process;Thread;#max_time_on_cpu_s;IO;Time (s);#start_time_us;Exe;System;Others;#start_time_s;TBB;Pthread;#max_context_switch_time_s;#stop_time_us;#total;#stop_time_s;#event_count;OMP;#elapsed_time;MPI;String;Memory;Math;
cycles;_ALL;_ALL;_ALL;0;0;38.704978942871;502575;177224923520;0;0;30028;0;0;0;133101;227169931264;30070;45433.9862528;49894998848;41.630527496338;0;0;50000000;0;
cycles;platy-MS-7C02;_ALL;_ALL;0;0;38.704978942871;502575;177224923520;0;0;30028;0;0;0;133101;227169931264;30070;45433.9862528;49894998848;41.630527496338;0;0;50000000;0;
cycles;platy-MS-7C02;56921;_ALL;0;0;38.704978942871;502575;177224923520;0;0;30028;0;0;0;133101;227169931264;30070;45433.9862528;49894998848;41.630527496338;0;0;50000000;0;
cycles;platy-MS-7C02;56921;56934;41.470729827881;0;38.209983825684;654990;28939984704;0;0;30028;0;0;9.1537771224976;133101;38209982464;30070;7641.9964928;9269999616;41.47811126709;0;0;0;0;
cycles;platy-MS-7C02;56921;56935;41.469955444336;0;37.674987792969;655037;29134982912;0;0;30028;0;0;4.4693212509155;133101;37674987520;30070;7534.997504;8540000256;41.478065490723;0;0;0;0;
cycles;platy-MS-7C02;56921;56921;41.605388641357;0;36.60998916626;502575;31714988224;0;0;30028;0;0;6.0965089797974;133101;36609990656;30070;7321.9981312;4844999680;41.630527496338;0;0;50000000;0;
cycles;platy-MS-7C02;56921;56936;41.470996856689;0;38.704978942871;655081;29204986496;0;0;30028;0;0;7.6118078231812;133102;38704979968;30070;7740.9959936;9499999040;41.478019714355;0;0;0;0;
cycles;platy-MS-7C02;56921;56938;41.468315124512;0;38.109996795654;655151;29009990272;0;0;30028;0;0;7.7958612442017;133108;38109995008;30070;7621.9990016;9100000256;41.477958679199;0;0;0;0;
cycles;platy-MS-7C02;56921;56937;41.472320556641;0;37.859996795654;655115;29219990912;0;0;30028;0;0;1.6057716608047;133102;37859995648;30070;7571.9991296;8640000000;41.47798538208;0;0;0;0;
