Metric;Node;Process;Thread;#max_time_on_cpu_s;IO;Time (s);#start_time_us;Exe;System;Others;#start_time_s;TBB;Pthread;#max_context_switch_time_s;#stop_time_us;#total;#stop_time_s;#event_count;OMP;#elapsed_time;MPI;String;Memory;Math;
cycles;_ALL;_ALL;_ALL;0;0;65.580032348633;868824;127060036288;0;0;29913;0;0;0;723202;130700070912;29979;26140.0141824;3604999744;65.854377746582;0;0;35000000;0;
cycles;platy-MS-7C02;_ALL;_ALL;0;0;65.580032348633;868824;127060036288;0;0;29913;0;0;0;723202;130700070912;29979;26140.0141824;3604999744;65.854377746582;0;0;35000000;0;
cycles;platy-MS-7C02;56550;_ALL;0;0;65.580032348633;868824;127060036288;0;0;29913;0;0;0;723202;130700070912;29979;26140.0141824;3604999744;65.854377746582;0;0;35000000;0;
cycles;platy-MS-7C02;56550;56550;65.829551696777;0;65.120040893555;868824;64980003200;0;0;29913;0;0;26.82096862793;723202;65120038912;29979;13024.0077824;105000000;65.854377746582;0;0;35000000;0;
cycles;platy-MS-7C02;56550;56564;65.694030761719;0;65.580032348633;21081;62080033088;0;0;29914;0;0;36.760135650635;723206;65580032000;29979;13116.0064;3499999744;65.702125549316;0;0;0;0;
