Metric;Node;Process;Thread;#max_time_on_cpu_s;IO;Time (s);#start_time_us;Exe;System;Others;#start_time_s;TBB;Pthread;#max_context_switch_time_s;#stop_time_us;#total;#stop_time_s;#event_count;OMP;#elapsed_time;MPI;String;Memory;Math;
cycles;_ALL;_ALL;_ALL;0;0;35.129989624023;250147;184554974016;0;0;2408;0;0;0;804145;208459952128;2443;41691.9904256;23859999488;35.553997039795;0;0;45000000;0;
cycles;platy-MS-7C02;_ALL;_ALL;0;0;35.129989624023;250147;184554974016;0;0;2408;0;0;0;804145;208459952128;2443;41691.9904256;23859999488;35.553997039795;0;0;45000000;0;
cycles;platy-MS-7C02;10116;_ALL;0;0;35.129989624023;250147;184554974016;0;0;2408;0;0;0;804145;208459952128;2443;41691.9904256;23859999488;35.553997039795;0;0;45000000;0;
cycles;platy-MS-7C02;10116;10130;35.3938331604;0;35.079990386963;400856;30344991808;0;0;2408;0;0;18.117950439453;804145;35079991296;2443;7015.9982592;4735000576;35.403289794922;0;0;0;0;
cycles;platy-MS-7C02;10116;10129;35.397068023682;0;34.854999542236;400796;30234996160;0;0;2408;0;0;16.721832275391;804146;34854998016;2443;6970.9996032;4619999744;35.403350830078;0;0;0;0;
cycles;platy-MS-7C02;10116;10116;35.52787399292;0;34.574974060059;250147;33129994432;0;0;2408;0;0;23.432401657104;804145;34574974976;2443;6914.9949952;1404999936;35.553997039795;0;0;40000000;0;
cycles;platy-MS-7C02;10116;10131;35.39720916748;0;35.080001831055;400902;30385002048;0;0;2408;0;0;11.721530914307;804146;35080003584;2443;7016.0007168;4695000064;35.403244018555;0;0;0;0;
cycles;platy-MS-7C02;10116;10133;35.394813537598;0;33.739994049072;400973;30069994944;0;0;2408;0;0;0.69298326969147;804146;33739993088;2443;6747.9986176;3664999424;35.403171539307;0;0;5000000;0;
cycles;platy-MS-7C02;10116;10132;35.393692016602;0;35.129989624023;400937;30389994624;0;0;2408;0;0;14.476801872253;804153;35129991168;2443;7025.9982336;4739999744;35.403217315674;0;0;0;0;
