Metric;Node;Process;Thread;#max_time_on_cpu_s;IO;Time (s);#start_time_us;Exe;System;Others;#start_time_s;TBB;Pthread;#max_context_switch_time_s;#stop_time_us;#total;#stop_time_s;#event_count;OMP;#elapsed_time;MPI;String;Memory;Math;
cycles;_ALL;_ALL;_ALL;0;0;62.379959106445;553502;62339977216;40000000;0;262135;0;0;0;955678;62379958272;262197;12475.9916544;0;62.40217590332;0;0;0;0;
cycles;nico-ThinkPad-T490;_ALL;_ALL;0;0;62.379959106445;553502;62339977216;40000000;0;262135;0;0;0;955678;62379958272;262197;12475.9916544;0;62.40217590332;0;0;0;0;
cycles;nico-ThinkPad-T490;2503341;_ALL;0;0;62.379959106445;553502;62339977216;40000000;0;262135;0;0;0;955678;62379958272;262197;12475.9916544;0;62.40217590332;0;0;0;0;
cycles;nico-ThinkPad-T490;2503341;2503341;17.960557937622;0;62.379959106445;553502;62339977216;40000000;0;262135;0;0;17.960557937622;955678;62379958272;262197;12475.9916544;0;62.40217590332;0;0;0;0;
