Metric;Node;Process;Thread;#max_time_on_cpu_s;IO;Time (s);#start_time_us;Exe;System;Others;#start_time_s;TBB;Pthread;#max_context_switch_time_s;#stop_time_us;#total;#stop_time_s;#event_count;OMP;#elapsed_time;MPI;String;Memory;Math;
cycles;_ALL;_ALL;_ALL;0;0;64.605033874512;101294;64350021184;240000000;0;25856;0;0;0;746264;64605032448;25920;12921.0064896;0;64.644966125488;0;0;15000000;0;
cycles;nico-ThinkPad-T490;_ALL;_ALL;0;0;64.605033874512;101294;64350021184;240000000;0;25856;0;0;0;746264;64605032448;25920;12921.0064896;0;64.644966125488;0;0;15000000;0;
cycles;nico-ThinkPad-T490;147320;_ALL;0;0;64.605033874512;101294;64350021184;240000000;0;25856;0;0;0;746264;64605032448;25920;12921.0064896;0;64.644966125488;0;0;15000000;0;
cycles;nico-ThinkPad-T490;147320;147320;6.2059006690979;0;64.605033874512;101294;64350021184;240000000;0;25856;0;0;6.2059006690979;746264;64605032448;25920;12921.0064896;0;64.644966125488;0;0;15000000;0;
