block_id;module;source_info;time_p;time_s;time_s_min;time_s_avg;time_s_max;cov_deviation;time_deviation;nb_threads;flops;flops_sca;flops_vec;flops_sp;flops_dp;flops_sca_sp;flops_sca_dp;flops_vec_sp;flops_vec_dp;
355;cg.C;;85.204406738281;27.094999313354;;;;;;;;;;;;;;;;
370;cg.C;;3.3647799491882;1.0699999332428;;;;;;;;;;;;;;;;
392;cg.C;;0.40880504250526;0.12999999523163;;;;;;;;;;;;;;;;
408;cg.C;;0.28301885724068;0.089999988675117;;;;;;;;;;;;;;;;
398;cg.C;;0.20440252125263;0.064999997615814;;;;;;;;;;;;;;;;
353;cg.C;;0.094339624047279;0.029999999329448;;;;;;;;;;;;;;;;
427;cg.C;;0.031446542590857;0.010000000707805;;;;;;;;;;;;;;;;
314;cg.C;;0.015723271295428;0.0050000003539026;;;;;;;;;;;;;;;;
304;cg.C;;0.015723271295428;0.0050000003539026;;;;;;;;;;;;;;;;
