Metric;Node;Process;Thread;#max_time_on_cpu_s;IO;Time (s);#start_time_us;Exe;System;Others;#start_time_s;TBB;Pthread;#max_context_switch_time_s;#stop_time_us;#total;#stop_time_s;#event_count;OMP;#elapsed_time;MPI;String;Memory;Math;
cycles;_ALL;_ALL;_ALL;0;0;58.379890441895;865374;58144945792;220000000;0;26060;0;0;0;285386;58379890688;26119;11675.9781376;0;58.420013427734;0;0;15000000;0;
cycles;nico-ThinkPad-T490;_ALL;_ALL;0;0;58.379890441895;865374;58144945792;220000000;0;26060;0;0;0;285386;58379890688;26119;11675.9781376;0;58.420013427734;0;0;15000000;0;
cycles;nico-ThinkPad-T490;148160;_ALL;0;0;58.379890441895;865374;58144945792;220000000;0;26060;0;0;0;285386;58379890688;26119;11675.9781376;0;58.420013427734;0;0;15000000;0;
cycles;nico-ThinkPad-T490;148160;148160;11.310214042664;0;58.379890441895;865374;58144945792;220000000;0;26060;0;0;11.310214042664;285386;58379890688;26119;11675.9781376;0;58.420013427734;0;0;15000000;0;
