Metric;Node;Process;Thread;#max_time_on_cpu_s;IO;Time (s);#start_time_us;Exe;System;Others;#start_time_s;TBB;Pthread;#max_context_switch_time_s;#stop_time_us;#total;#stop_time_s;#event_count;OMP;#elapsed_time;MPI;String;Memory;Math;
cycles;_ALL;_ALL;_ALL;0;0;124.91989135742;556088;124859981504;0;0;441;0;0;0;124129;124919889920;567;24983.977984;0;125.56803894043;0;0;60000000;0;
cycles;platy-MS-7C02;_ALL;_ALL;0;0;124.91989135742;556088;124859981504;0;0;441;0;0;0;124129;124919889920;567;24983.977984;0;125.56803894043;0;0;60000000;0;
cycles;platy-MS-7C02;5912;_ALL;0;0;124.91989135742;556088;124859981504;0;0;441;0;0;0;124129;124919889920;567;24983.977984;0;125.56803894043;0;0;60000000;0;
cycles;platy-MS-7C02;5912;5912;125.54283905029;0;124.91989135742;556088;124859981504;0;0;441;0;0;37.708724975586;124129;124919889920;567;24983.977984;0;125.56803894043;0;0;60000000;0;
