function_id;module;function_name;source_info;inc_time_p;inc_time_s;inc_time_s_min;inc_time_s_avg;inc_time_s_max;inc_cov_deviation;inc_time_deviation;exc_time_p;exc_time_s;exc_time_s_min;exc_time_s_avg;exc_time_s_max;exc_cov_deviation;exc_time_deviation;nb_threads;cats;label_name;flops;flops_sca_sp;flops_sca_dp;flops_vec_sp;flops_vec_dp;flops_sca;flops_vec;flops_sp;flops_dp;
10;cg.B;conj_grad(int const*, int const*, double const*, double*, double const*, double*, double*, double*, double*);;94.411338806152;58.619998931885;58.620002746582;58.620002746582;58.620002746582;0;0;0.0080528268590569;0.0050000003539026;0.0049999998882413;0.0049999998882413;0.0049999998882413;0;0;1;"100,0,0,0,0,0,0,0,0,0,0";_ZL9conj_gradPKiS0_PKdPdS2_S3_S3_S3_S3_;;;;;;;;;;
2;cg.B;main;;5.5081334114075;3.4200000762939;3.4199998378754;3.4199998378754;3.4199998378754;0;0;0.0080528268590569;0.0050000003539026;0.0049999998882413;0.0049999998882413;0.0049999998882413;0;0;1;"100,0,0,0,0,0,0,0,0,0,0";main;;;;;;;;;;
12;cg.B;randlc(double*, double);;0.07247544080019;0.045000001788139;0.044999998062849;0.044999998062849;0.044999998062849;0;0;0.07247544080019;0.045000001788139;0.044999998062849;0.044999998062849;0.044999998062849;0;0;1;"100,0,0,0,0,0,0,0,0,0,0";_Z6randlcPdd;;;;;;;;;;
