Metric;Node;Process;Thread;#max_time_on_cpu_s;IO;Time (s);#start_time_us;Exe;System;Others;#start_time_s;TBB;Pthread;#max_context_switch_time_s;#stop_time_us;#total;#stop_time_s;#event_count;OMP;#elapsed_time;MPI;String;Memory;Math;
cycles;_ALL;_ALL;_ALL;0;0;67.160011291504;450729;130415008256;0;0;2573;0;0;0;825136;133980033024;2640;26796.0066048;3520000064;67.374404907227;0;0;40000000;5000000;
cycles;platy-MS-7C02;_ALL;_ALL;0;0;67.160011291504;450729;130415008256;0;0;2573;0;0;0;825136;133980033024;2640;26796.0066048;3520000064;67.374404907227;0;0;40000000;5000000;
cycles;platy-MS-7C02;10301;_ALL;0;0;67.160011291504;450729;130415008256;0;0;2573;0;0;0;825136;133980033024;2640;26796.0066048;3520000064;67.374404907227;0;0;40000000;5000000;
cycles;platy-MS-7C02;10301;10301;67.349624633789;0;66.820022583008;450729;66650008512;0;0;2573;0;0;30.253673553467;825136;66820022272;2640;13364.0044544;125000000;67.374404907227;0;0;40000000;5000000;
cycles;platy-MS-7C02;10301;10314;67.217384338379;0;67.160011291504;600688;63764999744;0;0;2573;0;0;65.701950073242;825145;67160010752;2640;13432.0021504;3395000064;67.224456787109;0;0;0;0;
