function_id;module;function_name;source_info;inc_time_p;inc_time_s;inc_time_s_min;inc_time_s_avg;inc_time_s_max;inc_cov_deviation;inc_time_deviation;exc_time_p;exc_time_s;exc_time_s_min;exc_time_s_avg;exc_time_s_max;exc_cov_deviation;exc_time_deviation;nb_threads;cats;label_name;flops;flops_sca_sp;flops_sca_dp;flops_vec_sp;flops_vec_dp;flops_sca;flops_vec;flops_sp;flops_dp;
9;cg.C;conj_grad(int*, int*, double*, double*, double*, double*, double*, double*, double*);cg.cpp:515-515,cg.cpp:525-534,cg.cpp:543-549,cg.cpp:564-566,cg.cpp:572-582,cg.cpp:591-593,cg.cpp:601-601,cg.cpp:610-613,cg.cpp:621-621,cg.cpp:629-629,cg.cpp:637-638,cg.cpp:650-655,cg.cpp:663-670;94.028282165527;126.19994354248;126.19993591309;126.19993591309;126.19993591309;0;0;0.0074089192785323;0.0099438717588782;0.0099438717588782;0.0099438717588782;0.0099438717588782;0;0;1;"100,0,0,0,0,0,0,0,0,0,0";_ZL9conj_gradPiS_PdS0_S0_S0_S0_S0_S0_;;;;;;;;;;
1;cg.C;main;stdio2.h:86-86,cg.cpp:176-176,cg.cpp:192-211,cg.cpp:242-250,cg.cpp:274-274,cg.cpp:411-411,cg.cpp:419-419,cg.cpp:425-432,cg.cpp:442-443,cg.cpp:449-452,cg.cpp:480-492,cg.cpp:499-499,cg.cpp:678-678,cg.cpp:732-735,cg.cpp:742-749,cg.cpp:812-812,cg.cpp:819-832,cg.cpp:840-843,cg.cpp:851-856,cg.cpp:864-873,cg.cpp:881-887,cg.cpp:893-907,cg.cpp:913-913,cg.cpp:920-925,cg.cpp:933-952,cg.cpp:972-975,cg.cpp:982-984,cg.cpp:992-993,cg.cpp:999-1001,cg.cpp:1015-1025;5.8674578666687;7.8750009536743;7.8750009536743;7.8750009536743;7.8750009536743;0;0;1.9073891621701e-07;2.5599999275983e-07;2.5599999275983e-07;2.5599999275983e-07;2.5599999275983e-07;0;0;1;"100,0,0,0,0,0,0,0,0,0,0";main;;;;;;;;;;
12;cg.C;randlc(double*, double);c_randdp.cpp:80-80,c_randdp.cpp:88-90,c_randdp.cpp:99-110;0.078232757747173;0.10499999672174;0.10499999672174;0.10499999672174;0.10499999672174;0;0;0.078232757747173;0.10499999672174;0.10499999672174;0.10499999672174;0.10499999672174;0;0;1;"100,0,0,0,0,0,0,0,0,0,0";_Z6randlcPdd;;;;;;;;;;
10;cg.C;main._omp_fn.0;stdio2.h:86-86,cg.cpp:274-297,cg.cpp:308-311,cg.cpp:323-335,cg.cpp:341-355,cg.cpp:365-376,cg.cpp:388-407;0.022352216765285;0.029999999329448;0.029999999329448;0.029999999329448;0.029999999329448;0;0;0.0074507389217615;0.010000000707805;0.0099999997764826;0.0099999997764826;0.0099999997764826;0;0;1;"100,0,0,0,0,0,0,0,0,0,0";main._omp_fn.0;;;;;;;;;;
