Metric;Node;Process;Thread;#max_time_on_cpu_s;IO;Time (s);#start_time_us;Exe;System;Others;#start_time_s;TBB;Pthread;#max_context_switch_time_s;#stop_time_us;#total;#stop_time_s;#event_count;OMP;#elapsed_time;MPI;String;Memory;Math;
cycles;_ALL;_ALL;_ALL;0;0;34.939998626709;760573;184634973312;0;0;2689;0;0;0;68409;207374956544;2725;41474.9913088;22700000960;35.307834625244;0;0;35000000;5000000;
cycles;platy-MS-7C02;_ALL;_ALL;0;0;34.939998626709;760573;184634973312;0;0;2689;0;0;0;68409;207374956544;2725;41474.9913088;22700000960;35.307834625244;0;0;35000000;5000000;
cycles;platy-MS-7C02;10483;_ALL;0;0;34.939998626709;760573;184634973312;0;0;2689;0;0;0;68409;207374956544;2725;41474.9913088;22700000960;35.307834625244;0;0;35000000;5000000;
cycles;platy-MS-7C02;10483;10483;35.282501220703;0;34.434970855713;760573;33204995264;0;0;2689;0;0;22.757020950317;68409;34434969600;2725;6886.99392;1190000000;35.307834625244;0;0;35000000;5000000;
cycles;platy-MS-7C02;10483;10498;35.150024414063;0;34.745002746582;911153;30384995456;0;0;2689;0;0;17.054676055908;68408;34745004032;2725;6949.0008064;4360000512;35.157253265381;0;0;0;0;
cycles;platy-MS-7C02;10483;10497;35.151134490967;0;34.939998626709;911111;30314995968;0;0;2689;0;0;19.181589126587;68408;34939998208;2725;6987.9996416;4625000448;35.157295227051;0;0;0;0;
cycles;platy-MS-7C02;10483;10500;35.151798248291;0;33.519996643066;911221;29934994048;0;0;2689;0;0;0.42547437548637;68408;33519994880;2725;6703.998976;3584999936;35.157188415527;0;0;0;0;
cycles;platy-MS-7C02;10483;10499;35.150245666504;0;34.814990997314;911187;30524995968;0;0;2689;0;0;20.13694190979;68408;34814992384;2725;6962.9984768;4289999872;35.157222747803;0;0;0;0;
cycles;platy-MS-7C02;10483;10496;35.138084411621;0;34.919998168945;911071;30269996608;0;0;2689;0;0;19.775650024414;68515;34919997440;2725;6983.999488;4650000192;35.157444000244;0;0;0;0;
