Metric;Node;Process;Thread;#max_time_on_cpu_s;IO;Time (s);#start_time_us;Exe;System;Others;#start_time_s;TBB;Pthread;#max_context_switch_time_s;#stop_time_us;#total;#stop_time_s;#event_count;OMP;#elapsed_time;MPI;String;Memory;Math;
cycles;_ALL;_ALL;_ALL;0;0;124.79987335205;800080;124749996608;0;0;2447;0;0;0;145046;124799877120;2573;24959.975424;5000000;125.34496307373;0;0;45000000;0;
cycles;platy-MS-7C02;_ALL;_ALL;0;0;124.79987335205;800080;124749996608;0;0;2447;0;0;0;145046;124799877120;2573;24959.975424;5000000;125.34496307373;0;0;45000000;0;
cycles;platy-MS-7C02;10215;_ALL;0;0;124.79987335205;800080;124749996608;0;0;2447;0;0;0;145046;124799877120;2573;24959.975424;5000000;125.34496307373;0;0;45000000;0;
cycles;platy-MS-7C02;10215;10215;125.31685638428;0;124.79987335205;800080;124749996608;0;0;2447;0;0;70.330291748047;145046;124799877120;2573;24959.975424;5000000;125.34496307373;0;0;45000000;0;
